id,time,url
12zsfo6,2023-04-26 18:16:54,https://www.reddit.com/r/MagicArena/comments/12zsfo6/total_beginner_questions/
12zfb7z,2023-04-26 12:00:22,https://imgur.com/kneW0t7.jpg
13004rw,2023-04-26 21:24:11,https://www.reddit.com/r/MagicArena/comments/13004rw/is_it_worth/
130l2p8,2023-04-27 12:47:46,https://www.reddit.com/r/MagicArena/comments/130l2p8/help_me_please_deck_building/
131itf5,2023-04-28 05:38:59,https://www.reddit.com/r/MagicArena/comments/131itf5/arena_account_booster_automatic_code_redemption/
13205c5,2023-04-28 16:30:51,https://imgur.com/CPjVZJP.jpg
132izo5,2023-04-29 04:19:03,https://i.redd.it/gik4rurqjswa1.jpg
132tbkh,2023-04-29 13:45:41,https://www.reddit.com/r/MagicArena/comments/132tbkh/small_snippet_of_mtga_code_leak/
133178m,2023-04-29 17:10:05,https://i.redd.it/rrxal11bdwwa1.jpg
1332pt2,2023-04-29 18:13:40,https://www.reddit.com/r/MagicArena/comments/1332pt2/what_is_the_3letter_set_code_for_conflux/
1334vdn,2023-04-29 19:46:16,https://i.redd.it/2svg4nx55xwa1.jpg
133g3tj,2023-04-30 04:50:58,https://i.redd.it/a6ve3kvbuzwa1.jpg
133cce3,2023-04-30 01:24:56,https://www.reddit.com/r/MagicArena/comments/133cce3/recent_set_free_pack_codes/
133myu8,2023-04-30 11:41:13,https://www.reddit.com/r/MagicArena/comments/133myu8/your_mom_promo_code/
1340rsf,2023-04-30 19:32:11,https://www.reddit.com/r/MagicArena/comments/1340rsf/mom_prerelease_code/
1341jvq,2023-04-30 20:05:09,https://www.reddit.com/r/MagicArena/comments/1341jvq/spare_mtg_arena_codes/
1341yxa,2023-04-30 20:22:37,https://www.reddit.com/r/MagicArena/comments/1341yxa/code_for_1_pack_of_bro/
134j2rn,2023-05-01 10:50:09,https://i.redd.it/q23vsm9cr8xa1.jpg
1348kyk,2023-05-01 01:08:44,https://i.redd.it/icadl3tjv5xa1.jpg
1348ehp,2023-05-01 01:00:31,https://www.reddit.com/r/MagicArena/comments/1348ehp/win_rate_to_break_even_in_the_open/
1347g9z,2023-05-01 00:16:33,https://www.reddit.com/r/MagicArena/comments/1347g9z/mom_prerelease_code/
1347f0c,2023-05-01 00:14:56,https://i.redd.it/lsn0ifk0m5xa1.jpg
134xggr,2023-05-01 18:37:38,https://www.reddit.com/gallery/134xggr
134yf54,2023-05-01 19:15:02,https://www.reddit.com/r/MagicArena/comments/134yf54/went_to_a_prerelease_arena_is_indeed_cheaper_than/
135b3uy,2023-05-02 04:25:12,https://www.reddit.com/r/MagicArena/comments/135b3uy/any_mom_aftermath_physical_product_that_will/
1358lbf,2023-05-02 02:19:49,https://www.reddit.com/r/MagicArena/comments/1358lbf/full_art_land_bundles/
1356dpn,2023-05-02 00:35:57,https://i.redd.it/ugmhcjaoucxa1.jpg
